nome;unidade;valor;linha_digitavel
João da Silva;17;230.50;34191.09008 44813.902047 91020.150008 4 95410000023050
Maria Oliveira;18;150.00;10491.75052 01300.234569 04555.800001 1 95850000015000
Carlos Souza;19;310.00;23790.12345 60000.123456 72000.123456 9 95840000031000
